city_key,market_ticker,event_date,decision_ts,decision_price,resolved_yes,model_prob_yes,model_prob_no,fair_yes,fair_no,yes_bid,yes_ask,no_bid,no_ask,chosen_side,entry_price,entry_price_source,pricing_mode,quote_source,uses_true_quotes,quote_spread,exec_edge_yes,exec_edge_no,edge_at_entry,gross_edge_at_entry,contracts,fees,gross_pnl,net_pnl,lookback_sample_size,model_name,fold_number,market_subtitle,strike_type,floor_strike,cap_strike,contract_type,entry_price_bucket,won
chicago,KXHIGHCHI-25DEC16-T35,2025-12-16,2025-12-16 14:00:00+00:00,7.0,False,0.354839,0.645161,0.354839,0.645161,6.0,7.0,93.0,94.0,yes,7.0,yes_ask,candle_proxy,decision_candle_ohlc_bounds,False,1.0,0.274839,,0.274839,0.284839,1,0.01,-0.07,-0.08,31,baseline_climatology_v1,1,34° or below,less,,35.0,or_below,0-25,False
chicago,KXHIGHCHI-25DEC16-T42,2025-12-16,2025-12-16 14:00:00+00:00,1.0,False,0.483871,0.516129,0.483871,0.516129,0.0,2.0,98.0,100.0,yes,2.0,yes_ask,candle_proxy,decision_candle_ohlc_bounds,False,2.0,0.453871,,0.453871,0.463871,1,0.01,-0.02,-0.03,31,baseline_climatology_v1,1,43° or above,greater,42.0,,or_above,0-25,False
nyc,KXHIGHNY-25DEC16-T35,2025-12-16,2025-12-16 13:00:00+00:00,1.0,False,0.806452,0.193548,0.806452,0.193548,2.0,3.0,97.0,98.0,yes,3.0,yes_ask,candle_proxy,decision_candle_ohlc_bounds,False,1.0,0.766452,,0.766452,0.776452,1,0.01,-0.03,-0.04,31,baseline_climatology_v1,1,36° or above,greater,35.0,,or_above,0-25,False
chicago,KXHIGHCHI-25DEC17-T34,2025-12-17,2025-12-17 14:00:00+00:00,0.5,False,0.354839,0.645161,0.354839,0.645161,0.0,1.0,99.0,100.0,yes,1.0,yes_ask,candle_proxy,decision_candle_ohlc_bounds,False,1.0,0.334839,,0.334839,0.344839,1,0.01,-0.01,-0.02,31,baseline_climatology_v1,1,33° or below,less,,34.0,or_below,0-25,False
nyc,KXHIGHNY-25DEC17-T43,2025-12-17,2025-12-17 13:00:00+00:00,15.0,False,0.419355,0.580645,0.419355,0.580645,15.0,16.0,84.0,85.0,yes,16.0,yes_ask,candle_proxy,decision_candle_ohlc_bounds,False,1.0,0.249355,,0.249355,0.259355,1,0.01,-0.16,-0.17,31,baseline_climatology_v1,1,42° or below,less,,43.0,or_below,0-25,False
nyc,KXHIGHNY-25DEC17-T50,2025-12-17,2025-12-17 13:00:00+00:00,9.0,False,0.387097,0.612903,0.387097,0.612903,9.0,14.0,86.0,91.0,yes,14.0,yes_ask,candle_proxy,decision_candle_ohlc_bounds,False,5.0,0.237097,,0.237097,0.247097,1,0.01,-0.14,-0.15,31,baseline_climatology_v1,1,51° or above,greater,50.0,,or_above,0-25,False
chicago,KXHIGHCHI-25DEC18-T48,2025-12-18,2025-12-18 14:00:00+00:00,2.0,False,0.870968,0.129032,0.870968,0.129032,1.0,2.0,98.0,99.0,yes,2.0,yes_ask,candle_proxy,decision_candle_ohlc_bounds,False,1.0,0.840968,,0.840968,0.850968,1,0.01,-0.02,-0.03,31,baseline_climatology_v1,1,47° or below,less,,48.0,or_below,0-25,False
nyc,KXHIGHNY-25DEC18-T50,2025-12-18,2025-12-18 13:00:00+00:00,25.0,True,0.709677,0.290323,0.709677,0.290323,19.0,21.0,79.0,81.0,yes,21.0,yes_ask,candle_proxy,decision_candle_ohlc_bounds,False,2.0,0.479677,,0.479677,0.499677,1,0.02,0.79,0.77,31,baseline_climatology_v1,1,49° or below,less,,50.0,or_below,0-25,True
nyc,KXHIGHNY-25DEC18-T57,2025-12-18,2025-12-18 13:00:00+00:00,1.0,False,0.225806,0.774194,0.225806,0.774194,1.0,2.0,98.0,99.0,yes,2.0,yes_ask,candle_proxy,decision_candle_ohlc_bounds,False,1.0,0.195806,,0.195806,0.205806,1,0.01,-0.02,-0.03,31,baseline_climatology_v1,1,58° or above,greater,57.0,,or_above,0-25,False
chicago,KXHIGHCHI-25DEC19-T31,2025-12-19,2025-12-19 14:00:00+00:00,1.0,False,0.806452,0.193548,0.806452,0.193548,1.0,2.0,98.0,99.0,yes,2.0,yes_ask,candle_proxy,decision_candle_ohlc_bounds,False,1.0,0.776452,,0.776452,0.786452,1,0.01,-0.02,-0.03,31,baseline_climatology_v1,1,32° or above,greater,31.0,,or_above,0-25,False
nyc,KXHIGHNY-25DEC19-T54,2025-12-19,2025-12-19 13:00:00+00:00,1.0,False,0.870968,0.129032,0.870968,0.129032,0.0,1.0,99.0,100.0,yes,1.0,yes_ask,candle_proxy,decision_candle_ohlc_bounds,False,1.0,0.850968,,0.850968,0.860968,1,0.01,-0.01,-0.02,31,baseline_climatology_v1,1,53° or below,less,,54.0,or_below,0-25,False
chicago,KXHIGHCHI-25DEC20-T39,2025-12-20,2025-12-20 14:00:00+00:00,6.0,False,0.451613,0.548387,0.451613,0.548387,5.0,6.0,94.0,95.0,yes,6.0,yes_ask,candle_proxy,decision_candle_ohlc_bounds,False,1.0,0.381613,,0.381613,0.391613,1,0.01,-0.06,-0.07,31,baseline_climatology_v1,1,38° or below,less,,39.0,or_below,0-25,False
chicago,KXHIGHCHI-25DEC20-T46,2025-12-20,2025-12-20 14:00:00+00:00,3.0,False,0.258065,0.741935,0.258065,0.741935,3.0,4.0,96.0,97.0,yes,4.0,yes_ask,candle_proxy,decision_candle_ohlc_bounds,False,1.0,0.208065,,0.208065,0.218065,1,0.01,-0.04,-0.05,31,baseline_climatology_v1,1,47° or above,greater,46.0,,or_above,0-25,False
nyc,KXHIGHNY-25DEC20-T36,2025-12-20,2025-12-20 13:00:00+00:00,1.0,False,0.225806,0.774194,0.225806,0.774194,1.0,2.0,98.0,99.0,yes,2.0,yes_ask,candle_proxy,decision_candle_ohlc_bounds,False,1.0,0.195806,,0.195806,0.205806,1,0.01,-0.02,-0.03,31,baseline_climatology_v1,1,35° or below,less,,36.0,or_below,0-25,False
nyc,KXHIGHNY-25DEC20-T43,2025-12-20,2025-12-20 13:00:00+00:00,5.0,False,0.354839,0.645161,0.354839,0.645161,3.0,4.0,96.0,97.0,yes,4.0,yes_ask,candle_proxy,decision_candle_ohlc_bounds,False,1.0,0.304839,,0.304839,0.314839,1,0.01,-0.04,-0.05,31,baseline_climatology_v1,1,44° or above,greater,43.0,,or_above,0-25,False
chicago,KXHIGHCHI-25DEC21-T34,2025-12-21,2025-12-21 14:00:00+00:00,15.0,False,0.774194,0.225806,0.774194,0.225806,14.0,15.0,85.0,86.0,yes,15.0,yes_ask,candle_proxy,decision_candle_ohlc_bounds,False,1.0,0.614194,,0.614194,0.624194,1,0.01,-0.15,-0.16,31,baseline_climatology_v1,1,35° or above,greater,34.0,,or_above,0-25,False
nyc,KXHIGHNY-25DEC21-T40,2025-12-21,2025-12-21 13:00:00+00:00,1.0,False,0.451613,0.548387,0.451613,0.548387,1.0,2.0,98.0,99.0,yes,2.0,yes_ask,candle_proxy,decision_candle_ohlc_bounds,False,1.0,0.421613,,0.421613,0.431613,1,0.01,-0.02,-0.03,31,baseline_climatology_v1,1,39° or below,less,,40.0,or_below,0-25,False
nyc,KXHIGHNY-25DEC21-T47,2025-12-21,2025-12-21 13:00:00+00:00,4.0,False,0.225806,0.774194,0.225806,0.774194,4.0,5.0,95.0,96.0,yes,5.0,yes_ask,candle_proxy,decision_candle_ohlc_bounds,False,1.0,0.165806,,0.165806,0.175806,1,0.01,-0.05,-0.06,31,baseline_climatology_v1,1,48° or above,greater,47.0,,or_above,0-25,False
chicago,KXHIGHCHI-25DEC22-T40,2025-12-22,2025-12-22 14:00:00+00:00,1.0,False,0.451613,0.548387,0.451613,0.548387,0.0,2.0,98.0,100.0,yes,2.0,yes_ask,candle_proxy,decision_candle_ohlc_bounds,False,2.0,0.421613,,0.421613,0.431613,1,0.01,-0.02,-0.03,31,baseline_climatology_v1,1,39° or below,less,,40.0,or_below,0-25,False
chicago,KXHIGHCHI-25DEC22-T47,2025-12-22,2025-12-22 14:00:00+00:00,4.0,False,0.258065,0.741935,0.258065,0.741935,4.0,5.0,95.0,96.0,yes,5.0,yes_ask,candle_proxy,decision_candle_ohlc_bounds,False,1.0,0.198065,,0.198065,0.208065,1,0.01,-0.05,-0.06,31,baseline_climatology_v1,1,48° or above,greater,47.0,,or_above,0-25,False
nyc,KXHIGHNY-25DEC22-T36,2025-12-22,2025-12-22 13:00:00+00:00,2.0,False,0.16129,0.83871,0.16129,0.83871,1.0,2.0,98.0,99.0,yes,2.0,yes_ask,candle_proxy,decision_candle_ohlc_bounds,False,1.0,0.13129,,0.13129,0.14129,1,0.01,-0.02,-0.03,31,baseline_climatology_v1,1,35° or below,less,,36.0,or_below,0-25,False
nyc,KXHIGHNY-25DEC22-T43,2025-12-22,2025-12-22 13:00:00+00:00,2.0,False,0.612903,0.387097,0.612903,0.387097,0.0,1.0,99.0,100.0,yes,1.0,yes_ask,candle_proxy,decision_candle_ohlc_bounds,False,1.0,0.592903,,0.592903,0.602903,1,0.01,-0.01,-0.02,31,baseline_climatology_v1,1,44° or above,greater,43.0,,or_above,0-25,False
chicago,KXHIGHCHI-25DEC23-T45,2025-12-23,2025-12-23 14:00:00+00:00,1.0,False,0.677419,0.322581,0.677419,0.322581,0.0,1.0,99.0,100.0,yes,1.0,yes_ask,candle_proxy,decision_candle_ohlc_bounds,False,1.0,0.657419,,0.657419,0.667419,1,0.01,-0.01,-0.02,31,baseline_climatology_v1,1,44° or below,less,,45.0,or_below,0-25,False
nyc,KXHIGHNY-25DEC23-T38,2025-12-23,2025-12-23 13:00:00+00:00,1.0,False,0.16129,0.83871,0.16129,0.83871,0.0,1.0,99.0,100.0,yes,1.0,yes_ask,candle_proxy,decision_candle_ohlc_bounds,False,1.0,0.14129,,0.14129,0.15129,1,0.01,-0.01,-0.02,31,baseline_climatology_v1,1,37° or below,less,,38.0,or_below,0-25,False
nyc,KXHIGHNY-25DEC23-T45,2025-12-23,2025-12-23 13:00:00+00:00,1.0,False,0.580645,0.419355,0.580645,0.419355,2.0,3.0,97.0,98.0,yes,3.0,yes_ask,candle_proxy,decision_candle_ohlc_bounds,False,1.0,0.540645,,0.540645,0.550645,1,0.01,-0.03,-0.04,31,baseline_climatology_v1,1,46° or above,greater,45.0,,or_above,0-25,False
chicago,KXHIGHCHI-25DEC24-T40,2025-12-24,2025-12-24 14:00:00+00:00,1.0,False,0.451613,0.548387,0.451613,0.548387,0.0,1.0,99.0,100.0,yes,1.0,yes_ask,candle_proxy,decision_candle_ohlc_bounds,False,1.0,0.431613,,0.431613,0.441613,1,0.01,-0.01,-0.02,31,baseline_climatology_v1,1,39° or below,less,,40.0,or_below,0-25,False
nyc,KXHIGHNY-25DEC24-T40,2025-12-24,2025-12-24 13:00:00+00:00,1.0,False,0.322581,0.677419,0.322581,0.677419,0.0,1.0,99.0,100.0,yes,1.0,yes_ask,candle_proxy,decision_candle_ohlc_bounds,False,1.0,0.302581,,0.302581,0.312581,1,0.01,-0.01,-0.02,31,baseline_climatology_v1,1,39° or below,less,,40.0,or_below,0-25,False
nyc,KXHIGHNY-25DEC24-T47,2025-12-24,2025-12-24 13:00:00+00:00,11.0,False,0.387097,0.612903,0.387097,0.612903,6.0,7.0,93.0,94.0,yes,7.0,yes_ask,candle_proxy,decision_candle_ohlc_bounds,False,1.0,0.307097,,0.307097,0.317097,1,0.01,-0.07,-0.08,31,baseline_climatology_v1,1,48° or above,greater,47.0,,or_above,0-25,False
chicago,KXHIGHCHI-25DEC25-T40,2025-12-25,2025-12-25 14:00:00+00:00,1.0,False,0.419355,0.580645,0.419355,0.580645,0.0,1.0,99.0,100.0,yes,1.0,yes_ask,candle_proxy,decision_candle_ohlc_bounds,False,1.0,0.399355,,0.399355,0.409355,1,0.01,-0.01,-0.02,31,baseline_climatology_v1,1,39° or below,less,,40.0,or_below,0-25,False
chicago,KXHIGHCHI-25DEC25-T47,2025-12-25,2025-12-25 14:00:00+00:00,3.0,False,0.354839,0.645161,0.354839,0.645161,2.0,3.0,97.0,98.0,yes,3.0,yes_ask,candle_proxy,decision_candle_ohlc_bounds,False,1.0,0.314839,,0.314839,0.324839,1,0.01,-0.03,-0.04,31,baseline_climatology_v1,1,48° or above,greater,47.0,,or_above,0-25,False
nyc,KXHIGHNY-25DEC25-T41,2025-12-25,2025-12-25 13:00:00+00:00,0.5,False,0.387097,0.612903,0.387097,0.612903,0.0,1.0,99.0,100.0,yes,1.0,yes_ask,candle_proxy,decision_candle_ohlc_bounds,False,1.0,0.367097,,0.367097,0.377097,1,0.01,-0.01,-0.02,31,baseline_climatology_v1,1,40° or below,less,,41.0,or_below,0-25,False
chicago,KXHIGHCHI-25DEC26-T49,2025-12-26,2025-12-26 14:00:00+00:00,15.0,True,0.741935,0.258065,0.741935,0.258065,17.0,18.0,82.0,83.0,yes,18.0,yes_ask,candle_proxy,decision_candle_ohlc_bounds,False,1.0,0.541935,,0.541935,0.561935,1,0.02,0.82,0.8,31,baseline_climatology_v1,1,48° or below,less,,49.0,or_below,0-25,True
chicago,KXHIGHCHI-25DEC26-T56,2025-12-26,2025-12-26 14:00:00+00:00,2.0,False,0.129032,0.870968,0.129032,0.870968,1.0,2.0,98.0,99.0,yes,2.0,yes_ask,candle_proxy,decision_candle_ohlc_bounds,False,1.0,0.099032,,0.099032,0.109032,1,0.01,-0.02,-0.03,31,baseline_climatology_v1,1,57° or above,greater,56.0,,or_above,0-25,False
nyc,KXHIGHNY-25DEC26-T34,2025-12-26,2025-12-26 13:00:00+00:00,6.0,False,0.83871,0.16129,0.83871,0.16129,6.0,8.0,92.0,94.0,yes,8.0,yes_ask,candle_proxy,decision_candle_ohlc_bounds,False,2.0,0.74871,,0.74871,0.75871,1,0.01,-0.08,-0.09,31,baseline_climatology_v1,1,35° or above,greater,34.0,,or_above,0-25,False
chicago,KXHIGHCHI-25DEC27-T45,2025-12-27,2025-12-27 14:00:00+00:00,9.0,True,0.580645,0.419355,0.580645,0.419355,8.0,9.0,91.0,92.0,yes,9.0,yes_ask,candle_proxy,decision_candle_ohlc_bounds,False,1.0,0.480645,,0.480645,0.490645,1,0.01,0.91,0.9,31,baseline_climatology_v1,1,44° or below,less,,45.0,or_below,0-25,True
chicago,KXHIGHCHI-25DEC27-T52,2025-12-27,2025-12-27 14:00:00+00:00,2.0,False,0.193548,0.806452,0.193548,0.806452,2.0,3.0,97.0,98.0,yes,3.0,yes_ask,candle_proxy,decision_candle_ohlc_bounds,False,1.0,0.153548,,0.153548,0.163548,1,0.01,-0.03,-0.04,31,baseline_climatology_v1,1,53° or above,greater,52.0,,or_above,0-25,False
nyc,KXHIGHNY-25DEC27-T29,2025-12-27,2025-12-27 13:00:00+00:00,0.5,False,0.129032,0.870968,0.129032,0.870968,0.0,1.0,99.0,100.0,yes,1.0,yes_ask,candle_proxy,decision_candle_ohlc_bounds,False,1.0,0.109032,,0.109032,0.119032,1,0.01,-0.01,-0.02,31,baseline_climatology_v1,1,28° or below,less,,29.0,or_below,0-25,False
nyc,KXHIGHNY-25DEC27-T36,2025-12-27,2025-12-27 13:00:00+00:00,2.0,False,0.741935,0.258065,0.741935,0.258065,0.0,2.0,98.0,100.0,yes,2.0,yes_ask,candle_proxy,decision_candle_ohlc_bounds,False,2.0,0.711935,,0.711935,0.721935,1,0.01,-0.02,-0.03,31,baseline_climatology_v1,1,37° or above,greater,36.0,,or_above,0-25,False
chicago,KXHIGHCHI-25DEC28-T57,2025-12-28,2025-12-28 14:00:00+00:00,41.0,False,0.935484,0.064516,0.935484,0.064516,45.0,47.0,53.0,55.0,yes,47.0,yes_ask,candle_proxy,decision_candle_ohlc_bounds,False,2.0,0.445484,,0.445484,0.465484,1,0.02,-0.47,-0.49,31,baseline_climatology_v1,1,56° or below,less,,57.0,or_below,25-50,False
nyc,KXHIGHNY-25DEC28-T37,2025-12-28,2025-12-28 13:00:00+00:00,10.0,False,0.16129,0.83871,0.16129,0.83871,8.0,10.0,90.0,92.0,yes,10.0,yes_ask,candle_proxy,decision_candle_ohlc_bounds,False,2.0,0.05129,,0.05129,0.06129,1,0.01,-0.1,-0.11,31,baseline_climatology_v1,1,36° or below,less,,37.0,or_below,0-25,False
nyc,KXHIGHNY-25DEC28-T44,2025-12-28,2025-12-28 13:00:00+00:00,1.5,False,0.709677,0.290323,0.709677,0.290323,1.0,2.0,98.0,99.0,yes,2.0,yes_ask,candle_proxy,decision_candle_ohlc_bounds,False,1.0,0.679677,,0.679677,0.689677,1,0.01,-0.02,-0.03,31,baseline_climatology_v1,1,45° or above,greater,44.0,,or_above,0-25,False
chicago,KXHIGHCHI-25DEC29-T31,2025-12-29,2025-12-29 14:00:00+00:00,1.0,False,0.903226,0.096774,0.903226,0.096774,0.0,1.0,99.0,100.0,yes,1.0,yes_ask,candle_proxy,decision_candle_ohlc_bounds,False,1.0,0.883226,,0.883226,0.893226,1,0.01,-0.01,-0.02,31,baseline_climatology_v1,1,32° or above,greater,31.0,,or_above,0-25,False
nyc,KXHIGHNY-25DEC29-B46.5,2025-12-29,2025-12-29 13:00:00+00:00,12.0,False,0.193548,0.806452,0.193548,0.806452,9.0,12.0,88.0,91.0,yes,12.0,yes_ask,candle_proxy,decision_candle_ohlc_bounds,False,3.0,0.063548,,0.063548,0.073548,1,0.01,-0.12,-0.13,31,baseline_climatology_v1,1,46° to 47°,between,46.0,47.0,between,0-25,False
nyc,KXHIGHNY-25DEC29-T46,2025-12-29,2025-12-29 13:00:00+00:00,3.0,False,0.387097,0.612903,0.387097,0.612903,0.0,1.0,99.0,100.0,yes,1.0,yes_ask,candle_proxy,decision_candle_ohlc_bounds,False,1.0,0.367097,,0.367097,0.377097,1,0.01,-0.01,-0.02,31,baseline_climatology_v1,1,45° or below,less,,46.0,or_below,0-25,False
nyc,KXHIGHNY-25DEC29-T53,2025-12-29,2025-12-29 13:00:00+00:00,1.0,False,0.258065,0.741935,0.258065,0.741935,0.0,1.0,99.0,100.0,yes,1.0,yes_ask,candle_proxy,decision_candle_ohlc_bounds,False,1.0,0.238065,,0.238065,0.248065,1,0.01,-0.01,-0.02,31,baseline_climatology_v1,1,54° or above,greater,53.0,,or_above,0-25,False
chicago,KXHIGHCHI-25DEC30-T33,2025-12-30,2025-12-30 14:00:00+00:00,1.0,False,0.709677,0.290323,0.709677,0.290323,0.0,1.0,99.0,100.0,yes,1.0,yes_ask,candle_proxy,decision_candle_ohlc_bounds,False,1.0,0.689677,,0.689677,0.699677,1,0.01,-0.01,-0.02,31,baseline_climatology_v1,1,34° or above,greater,33.0,,or_above,0-25,False
nyc,KXHIGHNY-25DEC30-T30,2025-12-30,2025-12-30 13:00:00+00:00,1.0,False,0.096774,0.903226,0.096774,0.903226,0.0,1.0,99.0,100.0,yes,1.0,yes_ask,candle_proxy,decision_candle_ohlc_bounds,False,1.0,0.076774,,0.076774,0.086774,1,0.01,-0.01,-0.02,31,baseline_climatology_v1,1,29° or below,less,,30.0,or_below,0-25,False
nyc,KXHIGHNY-25DEC30-T37,2025-12-30,2025-12-30 13:00:00+00:00,2.0,False,0.903226,0.096774,0.903226,0.096774,0.0,2.0,98.0,100.0,yes,2.0,yes_ask,candle_proxy,decision_candle_ohlc_bounds,False,2.0,0.873226,,0.873226,0.883226,1,0.01,-0.02,-0.03,31,baseline_climatology_v1,1,38° or above,greater,37.0,,or_above,0-25,False
chicago,KXHIGHCHI-25DEC31-T30,2025-12-31,2025-12-31 14:00:00+00:00,1.0,False,0.15625,0.84375,0.15625,0.84375,0.0,1.0,99.0,100.0,yes,1.0,yes_ask,candle_proxy,decision_candle_ohlc_bounds,False,1.0,0.13625,,0.13625,0.14625,1,0.01,-0.01,-0.02,32,baseline_climatology_v1,2,29° or below,less,,30.0,or_below,0-25,False
chicago,KXHIGHCHI-25DEC31-T37,2025-12-31,2025-12-31 14:00:00+00:00,17.0,False,0.53125,0.46875,0.53125,0.46875,17.0,18.0,82.0,83.0,yes,18.0,yes_ask,candle_proxy,decision_candle_ohlc_bounds,False,1.0,0.33125,,0.33125,0.35125,1,0.02,-0.18,-0.2,32,baseline_climatology_v1,2,38° or above,greater,37.0,,or_above,0-25,False
nyc,KXHIGHNY-25DEC31-T31,2025-12-31,2025-12-31 13:00:00+00:00,1.0,False,0.09375,0.90625,0.09375,0.90625,1.0,3.0,97.0,99.0,yes,3.0,yes_ask,candle_proxy,decision_candle_ohlc_bounds,False,2.0,0.05375,,0.05375,0.06375,1,0.01,-0.03,-0.04,32,baseline_climatology_v1,2,30° or below,less,,31.0,or_below,0-25,False
nyc,KXHIGHNY-25DEC31-T38,2025-12-31,2025-12-31 13:00:00+00:00,0.5,False,0.875,0.125,0.875,0.125,0.0,1.0,99.0,100.0,yes,1.0,yes_ask,candle_proxy,decision_candle_ohlc_bounds,False,1.0,0.855,,0.855,0.865,1,0.01,-0.01,-0.02,32,baseline_climatology_v1,2,39° or above,greater,38.0,,or_above,0-25,False
chicago,KXHIGHCHI-26JAN01-T27,2026-01-01,2026-01-01 14:00:00+00:00,0.5,False,0.909091,0.090909,0.909091,0.090909,0.0,1.0,99.0,100.0,yes,1.0,yes_ask,candle_proxy,decision_candle_ohlc_bounds,False,1.0,0.889091,,0.889091,0.899091,1,0.01,-0.01,-0.02,33,baseline_climatology_v1,2,28° or above,greater,27.0,,or_above,0-25,False
nyc,KXHIGHNY-26JAN01-T30,2026-01-01,2026-01-01 13:00:00+00:00,1.0,False,0.090909,0.909091,0.090909,0.909091,0.0,1.0,99.0,100.0,yes,1.0,yes_ask,candle_proxy,decision_candle_ohlc_bounds,False,1.0,0.070909,,0.070909,0.080909,1,0.01,-0.01,-0.02,33,baseline_climatology_v1,2,29° or below,less,,30.0,or_below,0-25,False
nyc,KXHIGHNY-26JAN01-T37,2026-01-01,2026-01-01 13:00:00+00:00,1.0,False,0.878788,0.121212,0.878788,0.121212,0.0,9.0,91.0,100.0,yes,9.0,yes_ask,candle_proxy,decision_candle_ohlc_bounds,False,9.0,0.778788,,0.778788,0.788788,1,0.01,-0.09,-0.1,33,baseline_climatology_v1,2,38° or above,greater,37.0,,or_above,0-25,False
chicago,KXHIGHCHI-26JAN02-T31,2026-01-02,2026-01-02 14:00:00+00:00,0.5,False,0.823529,0.176471,0.823529,0.176471,0.0,1.0,99.0,100.0,yes,1.0,yes_ask,candle_proxy,decision_candle_ohlc_bounds,False,1.0,0.803529,,0.803529,0.813529,1,0.01,-0.01,-0.02,34,baseline_climatology_v1,2,32° or above,greater,31.0,,or_above,0-25,False
nyc,KXHIGHNY-26JAN02-T35,2026-01-02,2026-01-02 13:00:00+00:00,5.0,False,0.911765,0.088235,0.911765,0.088235,0.0,5.0,95.0,100.0,yes,5.0,yes_ask,candle_proxy,decision_candle_ohlc_bounds,False,5.0,0.851765,,0.851765,0.861765,1,0.01,-0.05,-0.06,34,baseline_climatology_v1,2,36° or above,greater,35.0,,or_above,0-25,False
chicago,KXHIGHCHI-26JAN03-B31.5,2026-01-03,2026-01-03 14:00:00+00:00,7.0,False,0.147059,0.852941,0.147059,0.852941,6.0,7.0,93.0,94.0,yes,7.0,yes_ask,candle_proxy,decision_candle_ohlc_bounds,False,1.0,0.067059,,0.067059,0.077059,1,0.01,-0.07,-0.08,34,baseline_climatology_v1,2,31° to 32°,between,31.0,32.0,between,0-25,False
chicago,KXHIGHCHI-26JAN03-B33.5,2026-01-03,2026-01-03 14:00:00+00:00,1.0,False,0.088235,0.911765,0.088235,0.911765,1.0,2.0,98.0,99.0,yes,2.0,yes_ask,candle_proxy,decision_candle_ohlc_bounds,False,1.0,0.058235,,0.058235,0.068235,1,0.01,-0.02,-0.03,34,baseline_climatology_v1,2,33° to 34°,between,33.0,34.0,between,0-25,False
chicago,KXHIGHCHI-26JAN03-T27,2026-01-03,2026-01-03 14:00:00+00:00,12.0,False,0.205882,0.794118,0.205882,0.794118,11.0,14.0,86.0,89.0,yes,14.0,yes_ask,candle_proxy,decision_candle_ohlc_bounds,False,3.0,0.055882,,0.055882,0.065882,1,0.01,-0.14,-0.15,34,baseline_climatology_v1,2,26° or below,less,,27.0,or_below,0-25,False
chicago,KXHIGHCHI-26JAN03-T34,2026-01-03,2026-01-03 14:00:00+00:00,0.5,False,0.529412,0.470588,0.529412,0.470588,0.0,1.0,99.0,100.0,yes,1.0,yes_ask,candle_proxy,decision_candle_ohlc_bounds,False,1.0,0.509412,,0.509412,0.519412,1,0.01,-0.01,-0.02,34,baseline_climatology_v1,2,35° or above,greater,34.0,,or_above,0-25,False
nyc,KXHIGHNY-26JAN03-T36,2026-01-03,2026-01-03 13:00:00+00:00,0.5,False,0.794118,0.205882,0.794118,0.205882,0.0,1.0,99.0,100.0,yes,1.0,yes_ask,candle_proxy,decision_candle_ohlc_bounds,False,1.0,0.774118,,0.774118,0.784118,1,0.01,-0.01,-0.02,34,baseline_climatology_v1,2,37° or above,greater,36.0,,or_above,0-25,False
chicago,KXHIGHCHI-26JAN04-T29,2026-01-04,2026-01-04 14:00:00+00:00,2.0,False,0.294118,0.705882,0.294118,0.705882,0.0,2.0,98.0,100.0,yes,2.0,yes_ask,candle_proxy,decision_candle_ohlc_bounds,False,2.0,0.264118,,0.264118,0.274118,1,0.01,-0.02,-0.03,34,baseline_climatology_v1,2,28° or below,less,,29.0,or_below,0-25,False
chicago,KXHIGHCHI-26JAN04-T36,2026-01-04,2026-01-04 14:00:00+00:00,0.5,False,0.382353,0.617647,0.382353,0.617647,0.0,1.0,99.0,100.0,yes,1.0,yes_ask,candle_proxy,decision_candle_ohlc_bounds,False,1.0,0.362353,,0.362353,0.372353,1,0.01,-0.01,-0.02,34,baseline_climatology_v1,2,37° or above,greater,36.0,,or_above,0-25,False
nyc,KXHIGHNY-26JAN04-T31,2026-01-04,2026-01-04 13:00:00+00:00,0.5,False,0.147059,0.852941,0.147059,0.852941,0.0,1.0,99.0,100.0,yes,1.0,yes_ask,candle_proxy,decision_candle_ohlc_bounds,False,1.0,0.127059,,0.127059,0.137059,1,0.01,-0.01,-0.02,34,baseline_climatology_v1,2,30° or below,less,,31.0,or_below,0-25,False
nyc,KXHIGHNY-26JAN04-T38,2026-01-04,2026-01-04 13:00:00+00:00,1.0,False,0.617647,0.382353,0.617647,0.382353,0.0,1.0,99.0,100.0,yes,1.0,yes_ask,candle_proxy,decision_candle_ohlc_bounds,False,1.0,0.597647,,0.597647,0.607647,1,0.01,-0.01,-0.02,34,baseline_climatology_v1,2,39° or above,greater,38.0,,or_above,0-25,False
chicago,KXHIGHCHI-26JAN05-T39,2026-01-05,2026-01-05 14:00:00+00:00,2.0,False,0.764706,0.235294,0.764706,0.235294,0.0,2.0,98.0,100.0,yes,2.0,yes_ask,candle_proxy,decision_candle_ohlc_bounds,False,2.0,0.734706,,0.734706,0.744706,1,0.01,-0.02,-0.03,34,baseline_climatology_v1,2,38° or below,less,,39.0,or_below,0-25,False
nyc,KXHIGHNY-26JAN05-T33,2026-01-05,2026-01-05 13:00:00+00:00,1.0,False,0.176471,0.823529,0.176471,0.823529,1.0,2.0,98.0,99.0,yes,2.0,yes_ask,candle_proxy,decision_candle_ohlc_bounds,False,1.0,0.146471,,0.146471,0.156471,1,0.01,-0.02,-0.03,34,baseline_climatology_v1,2,32° or below,less,,33.0,or_below,0-25,False
nyc,KXHIGHNY-26JAN05-T40,2026-01-05,2026-01-05 13:00:00+00:00,2.0,False,0.558824,0.441176,0.558824,0.441176,1.0,2.0,98.0,99.0,yes,2.0,yes_ask,candle_proxy,decision_candle_ohlc_bounds,False,1.0,0.528824,,0.528824,0.538824,1,0.01,-0.02,-0.03,34,baseline_climatology_v1,2,41° or above,greater,40.0,,or_above,0-25,False
chicago,KXHIGHCHI-26JAN06-T41,2026-01-06,2026-01-06 14:00:00+00:00,1.0,False,0.764706,0.235294,0.764706,0.235294,0.0,1.0,99.0,100.0,yes,1.0,yes_ask,candle_proxy,decision_candle_ohlc_bounds,False,1.0,0.744706,,0.744706,0.754706,1,0.01,-0.01,-0.02,34,baseline_climatology_v1,2,40° or below,less,,41.0,or_below,0-25,False
nyc,KXHIGHNY-26JAN06-T39,2026-01-06,2026-01-06 13:00:00+00:00,1.0,False,0.5,0.5,0.5,0.5,0.0,1.0,99.0,100.0,yes,1.0,yes_ask,candle_proxy,decision_candle_ohlc_bounds,False,1.0,0.48,,0.48,0.49,1,0.01,-0.01,-0.02,34,baseline_climatology_v1,2,38° or below,less,,39.0,or_below,0-25,False
nyc,KXHIGHNY-26JAN06-T46,2026-01-06,2026-01-06 13:00:00+00:00,8.0,False,0.205882,0.794118,0.205882,0.794118,8.0,10.0,90.0,92.0,yes,10.0,yes_ask,candle_proxy,decision_candle_ohlc_bounds,False,2.0,0.095882,,0.095882,0.105882,1,0.01,-0.1,-0.11,34,baseline_climatology_v1,2,47° or above,greater,46.0,,or_above,0-25,False
chicago,KXHIGHCHI-26JAN07-T42,2026-01-07,2026-01-07 14:00:00+00:00,8.0,False,0.764706,0.235294,0.764706,0.235294,4.0,8.0,92.0,96.0,yes,8.0,yes_ask,candle_proxy,decision_candle_ohlc_bounds,False,4.0,0.674706,,0.674706,0.684706,1,0.01,-0.08,-0.09,34,baseline_climatology_v1,2,41° or below,less,,42.0,or_below,0-25,False
nyc,KXHIGHNY-26JAN07-T45,2026-01-07,2026-01-07 13:00:00+00:00,1.0,False,0.882353,0.117647,0.882353,0.117647,0.0,6.0,94.0,100.0,yes,6.0,yes_ask,candle_proxy,decision_candle_ohlc_bounds,False,6.0,0.812353,,0.812353,0.822353,1,0.01,-0.06,-0.07,34,baseline_climatology_v1,2,44° or below,less,,45.0,or_below,0-25,False
chicago,KXHIGHCHI-26JAN08-T53,2026-01-08,2026-01-08 14:00:00+00:00,2.0,False,0.970588,0.029412,0.970588,0.029412,1.0,2.0,98.0,99.0,yes,2.0,yes_ask,candle_proxy,decision_candle_ohlc_bounds,False,1.0,0.940588,,0.940588,0.950588,1,0.01,-0.02,-0.03,34,baseline_climatology_v1,2,52° or below,less,,53.0,or_below,0-25,False
nyc,KXHIGHNY-26JAN08-T46,2026-01-08,2026-01-08 13:00:00+00:00,1.0,False,0.852941,0.147059,0.852941,0.147059,0.0,2.0,98.0,100.0,yes,2.0,yes_ask,candle_proxy,decision_candle_ohlc_bounds,False,2.0,0.822941,,0.822941,0.832941,1,0.01,-0.02,-0.03,34,baseline_climatology_v1,2,45° or below,less,,46.0,or_below,0-25,False
chicago,KXHIGHCHI-26JAN09-T56,2026-01-09,2026-01-09 14:00:00+00:00,1.0,False,0.970588,0.029412,0.970588,0.029412,0.0,1.0,99.0,100.0,yes,1.0,yes_ask,candle_proxy,decision_candle_ohlc_bounds,False,1.0,0.950588,,0.950588,0.960588,1,0.01,-0.01,-0.02,34,baseline_climatology_v1,2,55° or below,less,,56.0,or_below,0-25,False
nyc,KXHIGHNY-26JAN09-T49,2026-01-09,2026-01-09 13:00:00+00:00,1.0,False,0.852941,0.147059,0.852941,0.147059,1.0,3.0,97.0,99.0,yes,3.0,yes_ask,candle_proxy,decision_candle_ohlc_bounds,False,2.0,0.812941,,0.812941,0.822941,1,0.01,-0.03,-0.04,34,baseline_climatology_v1,2,48° or below,less,,49.0,or_below,0-25,False
chicago,KXHIGHCHI-26JAN10-B35.5,2026-01-10,2026-01-10 14:00:00+00:00,1.0,False,0.088235,0.911765,0.088235,0.911765,0.0,1.0,99.0,100.0,yes,1.0,yes_ask,candle_proxy,decision_candle_ohlc_bounds,False,1.0,0.068235,,0.068235,0.078235,1,0.01,-0.01,-0.02,34,baseline_climatology_v1,2,35° to 36°,between,35.0,36.0,between,0-25,False
chicago,KXHIGHCHI-26JAN10-B37.5,2026-01-10,2026-01-10 14:00:00+00:00,1.0,False,0.088235,0.911765,0.088235,0.911765,0.0,1.0,99.0,100.0,yes,1.0,yes_ask,candle_proxy,decision_candle_ohlc_bounds,False,1.0,0.068235,,0.068235,0.078235,1,0.01,-0.01,-0.02,34,baseline_climatology_v1,2,37° to 38°,between,37.0,38.0,between,0-25,False
chicago,KXHIGHCHI-26JAN10-T35,2026-01-10,2026-01-10 14:00:00+00:00,1.0,False,0.441176,0.558824,0.441176,0.558824,0.0,1.0,99.0,100.0,yes,1.0,yes_ask,candle_proxy,decision_candle_ohlc_bounds,False,1.0,0.421176,,0.421176,0.431176,1,0.01,-0.01,-0.02,34,baseline_climatology_v1,2,34° or below,less,,35.0,or_below,0-25,False
chicago,KXHIGHCHI-26JAN10-T42,2026-01-10,2026-01-10 14:00:00+00:00,5.0,False,0.323529,0.676471,0.323529,0.676471,4.0,5.0,95.0,96.0,yes,5.0,yes_ask,candle_proxy,decision_candle_ohlc_bounds,False,1.0,0.263529,,0.263529,0.273529,1,0.01,-0.05,-0.06,34,baseline_climatology_v1,2,43° or above,greater,42.0,,or_above,0-25,False
nyc,KXHIGHNY-26JAN10-T52,2026-01-10,2026-01-10 13:00:00+00:00,1.0,True,0.794118,0.205882,0.794118,0.205882,0.0,1.0,99.0,100.0,yes,1.0,yes_ask,candle_proxy,decision_candle_ohlc_bounds,False,1.0,0.774118,,0.774118,0.784118,1,0.01,0.99,0.98,34,baseline_climatology_v1,2,51° or below,less,,52.0,or_below,0-25,True
chicago,KXHIGHCHI-26JAN11-T32,2026-01-11,2026-01-11 14:00:00+00:00,3.0,False,0.411765,0.588235,0.411765,0.588235,2.0,3.0,97.0,98.0,yes,3.0,yes_ask,candle_proxy,decision_candle_ohlc_bounds,False,1.0,0.371765,,0.371765,0.381765,1,0.01,-0.03,-0.04,34,baseline_climatology_v1,2,31° or below,less,,32.0,or_below,0-25,False
chicago,KXHIGHCHI-26JAN11-T39,2026-01-11,2026-01-11 14:00:00+00:00,1.0,False,0.352941,0.647059,0.352941,0.647059,1.0,2.0,98.0,99.0,yes,2.0,yes_ask,candle_proxy,decision_candle_ohlc_bounds,False,1.0,0.322941,,0.322941,0.332941,1,0.01,-0.02,-0.03,34,baseline_climatology_v1,2,40° or above,greater,39.0,,or_above,0-25,False
nyc,KXHIGHNY-26JAN11-T42,2026-01-11,2026-01-11 13:00:00+00:00,1.0,False,0.470588,0.529412,0.470588,0.529412,0.0,1.0,99.0,100.0,yes,1.0,yes_ask,candle_proxy,decision_candle_ohlc_bounds,False,1.0,0.450588,,0.450588,0.460588,1,0.01,-0.01,-0.02,34,baseline_climatology_v1,2,41° or below,less,,42.0,or_below,0-25,False
nyc,KXHIGHNY-26JAN11-T49,2026-01-11,2026-01-11 13:00:00+00:00,5.0,False,0.352941,0.647059,0.352941,0.647059,4.0,7.0,93.0,96.0,yes,7.0,yes_ask,candle_proxy,decision_candle_ohlc_bounds,False,3.0,0.272941,,0.272941,0.282941,1,0.01,-0.07,-0.08,34,baseline_climatology_v1,2,50° or above,greater,49.0,,or_above,0-25,False
chicago,KXHIGHCHI-26JAN12-T39,2026-01-12,2026-01-12 14:00:00+00:00,2.0,False,0.735294,0.264706,0.735294,0.264706,2.0,4.0,96.0,98.0,yes,4.0,yes_ask,candle_proxy,decision_candle_ohlc_bounds,False,2.0,0.685294,,0.685294,0.695294,1,0.01,-0.04,-0.05,34,baseline_climatology_v1,2,38° or below,less,,39.0,or_below,0-25,False
nyc,KXHIGHNY-26JAN12-T39,2026-01-12,2026-01-12 13:00:00+00:00,2.0,False,0.264706,0.735294,0.264706,0.735294,2.0,4.0,96.0,98.0,yes,4.0,yes_ask,candle_proxy,decision_candle_ohlc_bounds,False,2.0,0.214706,,0.214706,0.224706,1,0.01,-0.04,-0.05,34,baseline_climatology_v1,2,38° or below,less,,39.0,or_below,0-25,False
nyc,KXHIGHNY-26JAN12-T46,2026-01-12,2026-01-12 13:00:00+00:00,3.0,False,0.470588,0.529412,0.470588,0.529412,1.0,3.0,97.0,99.0,yes,3.0,yes_ask,candle_proxy,decision_candle_ohlc_bounds,False,2.0,0.430588,,0.430588,0.440588,1,0.01,-0.03,-0.04,34,baseline_climatology_v1,2,47° or above,greater,46.0,,or_above,0-25,False
chicago,KXHIGHCHI-26JAN13-T48,2026-01-13,2026-01-13 14:00:00+00:00,3.0,False,1.0,0.0,1.0,0.0,3.0,5.0,95.0,97.0,yes,5.0,yes_ask,candle_proxy,decision_candle_ohlc_bounds,False,2.0,0.94,,0.94,0.95,1,0.01,-0.05,-0.06,34,baseline_climatology_v1,2,47° or below,less,,48.0,or_below,0-25,False
nyc,KXHIGHNY-26JAN13-T43,2026-01-13,2026-01-13 13:00:00+00:00,3.0,False,0.529412,0.470588,0.529412,0.470588,0.0,2.0,98.0,100.0,yes,2.0,yes_ask,candle_proxy,decision_candle_ohlc_bounds,False,2.0,0.499412,,0.499412,0.509412,1,0.01,-0.02,-0.03,34,baseline_climatology_v1,2,42° or below,less,,43.0,or_below,0-25,False
nyc,KXHIGHNY-26JAN13-T50,2026-01-13,2026-01-13 13:00:00+00:00,3.0,False,0.264706,0.735294,0.264706,0.735294,4.0,6.0,94.0,96.0,yes,6.0,yes_ask,candle_proxy,decision_candle_ohlc_bounds,False,2.0,0.194706,,0.194706,0.204706,1,0.01,-0.06,-0.07,34,baseline_climatology_v1,2,51° or above,greater,50.0,,or_above,0-25,False
chicago,KXHIGHCHI-26JAN14-T38,2026-01-14,2026-01-14 14:00:00+00:00,1.0,False,0.764706,0.235294,0.764706,0.235294,0.0,1.0,99.0,100.0,yes,1.0,yes_ask,candle_proxy,decision_candle_ohlc_bounds,False,1.0,0.744706,,0.744706,0.754706,1,0.01,-0.01,-0.02,34,baseline_climatology_v1,2,37° or below,less,,38.0,or_below,0-25,False
nyc,KXHIGHNY-26JAN14-T45,2026-01-14,2026-01-14 13:00:00+00:00,1.0,False,0.647059,0.352941,0.647059,0.352941,0.0,1.0,99.0,100.0,yes,1.0,yes_ask,candle_proxy,decision_candle_ohlc_bounds,False,1.0,0.627059,,0.627059,0.637059,1,0.01,-0.01,-0.02,34,baseline_climatology_v1,2,44° or below,less,,45.0,or_below,0-25,False
chicago,KXHIGHCHI-26JAN15-T25,2026-01-15,2026-01-15 14:00:00+00:00,17.0,True,0.235294,0.764706,0.235294,0.764706,13.0,17.0,83.0,87.0,yes,17.0,yes_ask,candle_proxy,decision_candle_ohlc_bounds,False,4.0,0.055294,,0.055294,0.065294,1,0.01,0.83,0.82,34,baseline_climatology_v1,3,24° or below,less,,25.0,or_below,0-25,True
chicago,KXHIGHCHI-26JAN15-T32,2026-01-15,2026-01-15 14:00:00+00:00,3.0,False,0.588235,0.411765,0.588235,0.411765,0.0,1.0,99.0,100.0,yes,1.0,yes_ask,candle_proxy,decision_candle_ohlc_bounds,False,1.0,0.568235,,0.568235,0.578235,1,0.01,-0.01,-0.02,34,baseline_climatology_v1,3,33° or above,greater,32.0,,or_above,0-25,False
nyc,KXHIGHNY-26JAN15-T41,2026-01-15,2026-01-15 13:00:00+00:00,1.0,False,0.588235,0.411765,0.588235,0.411765,0.0,1.0,99.0,100.0,yes,1.0,yes_ask,candle_proxy,decision_candle_ohlc_bounds,False,1.0,0.568235,,0.568235,0.578235,1,0.01,-0.01,-0.02,34,baseline_climatology_v1,3,40° or below,less,,41.0,or_below,0-25,False
nyc,KXHIGHNY-26JAN15-T48,2026-01-15,2026-01-15 13:00:00+00:00,1.0,False,0.205882,0.794118,0.205882,0.794118,0.0,1.0,99.0,100.0,yes,1.0,yes_ask,candle_proxy,decision_candle_ohlc_bounds,False,1.0,0.185882,,0.185882,0.195882,1,0.01,-0.01,-0.02,34,baseline_climatology_v1,3,49° or above,greater,48.0,,or_above,0-25,False
chicago,KXHIGHCHI-26JAN16-T35,2026-01-16,2026-01-16 14:00:00+00:00,8.0,False,0.5,0.5,0.5,0.5,8.0,9.0,91.0,92.0,yes,9.0,yes_ask,candle_proxy,decision_candle_ohlc_bounds,False,1.0,0.4,,0.4,0.41,1,0.01,-0.09,-0.1,34,baseline_climatology_v1,3,34° or below,less,,35.0,or_below,0-25,False
chicago,KXHIGHCHI-26JAN16-T42,2026-01-16,2026-01-16 14:00:00+00:00,2.0,False,0.205882,0.794118,0.205882,0.794118,2.0,3.0,97.0,98.0,yes,3.0,yes_ask,candle_proxy,decision_candle_ohlc_bounds,False,1.0,0.165882,,0.165882,0.175882,1,0.01,-0.03,-0.04,34,baseline_climatology_v1,3,43° or above,greater,42.0,,or_above,0-25,False
nyc,KXHIGHNY-26JAN16-T33,2026-01-16,2026-01-16 13:00:00+00:00,5.0,False,0.235294,0.764706,0.235294,0.764706,5.0,6.0,94.0,95.0,yes,6.0,yes_ask,candle_proxy,decision_candle_ohlc_bounds,False,1.0,0.165294,,0.165294,0.175294,1,0.01,-0.06,-0.07,34,baseline_climatology_v1,3,32° or below,less,,33.0,or_below,0-25,False
nyc,KXHIGHNY-26JAN16-T40,2026-01-16,2026-01-16 13:00:00+00:00,2.0,False,0.5,0.5,0.5,0.5,2.0,3.0,97.0,98.0,yes,3.0,yes_ask,candle_proxy,decision_candle_ohlc_bounds,False,1.0,0.46,,0.46,0.47,1,0.01,-0.03,-0.04,34,baseline_climatology_v1,3,41° or above,greater,40.0,,or_above,0-25,False
chicago,KXHIGHCHI-26JAN17-T23,2026-01-17,2026-01-17 14:00:00+00:00,1.0,False,0.117647,0.882353,0.117647,0.882353,0.0,1.0,99.0,100.0,yes,1.0,yes_ask,candle_proxy,decision_candle_ohlc_bounds,False,1.0,0.097647,,0.097647,0.107647,1,0.01,-0.01,-0.02,34,baseline_climatology_v1,3,22° or below,less,,23.0,or_below,0-25,False
chicago,KXHIGHCHI-26JAN17-T30,2026-01-17,2026-01-17 14:00:00+00:00,1.0,False,0.794118,0.205882,0.794118,0.205882,0.0,1.0,99.0,100.0,yes,1.0,yes_ask,candle_proxy,decision_candle_ohlc_bounds,False,1.0,0.774118,,0.774118,0.784118,1,0.01,-0.01,-0.02,34,baseline_climatology_v1,3,31° or above,greater,30.0,,or_above,0-25,False
nyc,KXHIGHNY-26JAN17-T36,2026-01-17,2026-01-17 13:00:00+00:00,1.0,False,0.382353,0.617647,0.382353,0.617647,0.0,1.0,99.0,100.0,yes,1.0,yes_ask,candle_proxy,decision_candle_ohlc_bounds,False,1.0,0.362353,,0.362353,0.372353,1,0.01,-0.01,-0.02,34,baseline_climatology_v1,3,35° or below,less,,36.0,or_below,0-25,False
nyc,KXHIGHNY-26JAN17-T43,2026-01-17,2026-01-17 13:00:00+00:00,6.0,False,0.294118,0.705882,0.294118,0.705882,4.0,8.0,92.0,96.0,yes,8.0,yes_ask,candle_proxy,decision_candle_ohlc_bounds,False,4.0,0.204118,,0.204118,0.214118,1,0.01,-0.08,-0.09,34,baseline_climatology_v1,3,44° or above,greater,43.0,,or_above,0-25,False
chicago,KXHIGHCHI-26JAN18-T26,2026-01-18,2026-01-18 14:00:00+00:00,3.0,False,0.764706,0.235294,0.764706,0.235294,0.0,1.0,99.0,100.0,yes,1.0,yes_ask,candle_proxy,decision_candle_ohlc_bounds,False,1.0,0.744706,,0.744706,0.754706,1,0.01,-0.01,-0.02,34,baseline_climatology_v1,3,27° or above,greater,26.0,,or_above,0-25,False
nyc,KXHIGHNY-26JAN18-B33.5,2026-01-18,2026-01-18 13:00:00+00:00,1.0,False,0.088235,0.911765,0.088235,0.911765,0.0,1.0,99.0,100.0,yes,1.0,yes_ask,candle_proxy,decision_candle_ohlc_bounds,False,1.0,0.068235,,0.068235,0.078235,1,0.01,-0.01,-0.02,34,baseline_climatology_v1,3,33° to 34°,between,33.0,34.0,between,0-25,False
nyc,KXHIGHNY-26JAN18-T33,2026-01-18,2026-01-18 13:00:00+00:00,1.0,False,0.176471,0.823529,0.176471,0.823529,0.0,1.0,99.0,100.0,yes,1.0,yes_ask,candle_proxy,decision_candle_ohlc_bounds,False,1.0,0.156471,,0.156471,0.166471,1,0.01,-0.01,-0.02,34,baseline_climatology_v1,3,32° or below,less,,33.0,or_below,0-25,False
nyc,KXHIGHNY-26JAN18-T40,2026-01-18,2026-01-18 13:00:00+00:00,1.0,False,0.558824,0.441176,0.558824,0.441176,0.0,1.0,99.0,100.0,yes,1.0,yes_ask,candle_proxy,decision_candle_ohlc_bounds,False,1.0,0.538824,,0.538824,0.548824,1,0.01,-0.01,-0.02,34,baseline_climatology_v1,3,41° or above,greater,40.0,,or_above,0-25,False
chicago,KXHIGHCHI-26JAN19-T23,2026-01-19,2026-01-19 14:00:00+00:00,1.0,False,0.705882,0.294118,0.705882,0.294118,0.0,1.0,99.0,100.0,yes,1.0,yes_ask,candle_proxy,decision_candle_ohlc_bounds,False,1.0,0.685882,,0.685882,0.695882,1,0.01,-0.01,-0.02,34,baseline_climatology_v1,3,24° or above,greater,23.0,,or_above,0-25,False
nyc,KXHIGHNY-26JAN19-T35,2026-01-19,2026-01-19 13:00:00+00:00,2.0,False,0.764706,0.235294,0.764706,0.235294,3.0,6.0,94.0,97.0,yes,6.0,yes_ask,candle_proxy,decision_candle_ohlc_bounds,False,3.0,0.694706,,0.694706,0.704706,1,0.01,-0.06,-0.07,34,baseline_climatology_v1,3,36° or above,greater,35.0,,or_above,0-25,False
chicago,KXHIGHCHI-26JAN20-T20,2026-01-20,2026-01-20 14:00:00+00:00,6.0,False,0.235294,0.764706,0.235294,0.764706,6.0,8.0,92.0,94.0,yes,8.0,yes_ask,candle_proxy,decision_candle_ohlc_bounds,False,2.0,0.145294,,0.145294,0.155294,1,0.01,-0.08,-0.09,34,baseline_climatology_v1,3,19° or below,less,,20.0,or_below,0-25,False
chicago,KXHIGHCHI-26JAN20-T27,2026-01-20,2026-01-20 14:00:00+00:00,4.0,False,0.617647,0.382353,0.617647,0.382353,4.0,5.0,95.0,96.0,yes,5.0,yes_ask,candle_proxy,decision_candle_ohlc_bounds,False,1.0,0.557647,,0.557647,0.567647,1,0.01,-0.05,-0.06,34,baseline_climatology_v1,3,28° or above,greater,27.0,,or_above,0-25,False
nyc,KXHIGHNY-26JAN20-T29,2026-01-20,2026-01-20 13:00:00+00:00,2.0,False,0.823529,0.176471,0.823529,0.176471,2.0,5.0,95.0,98.0,yes,5.0,yes_ask,candle_proxy,decision_candle_ohlc_bounds,False,3.0,0.763529,,0.763529,0.773529,1,0.01,-0.05,-0.06,34,baseline_climatology_v1,3,30° or above,greater,29.0,,or_above,0-25,False
chicago,KXHIGHCHI-26JAN21-T28,2026-01-21,2026-01-21 14:00:00+00:00,1.0,False,0.323529,0.676471,0.323529,0.676471,0.0,1.0,99.0,100.0,yes,1.0,yes_ask,candle_proxy,decision_candle_ohlc_bounds,False,1.0,0.303529,,0.303529,0.313529,1,0.01,-0.01,-0.02,34,baseline_climatology_v1,3,27° or below,less,,28.0,or_below,0-25,False
nyc,KXHIGHNY-26JAN21-T33,2026-01-21,2026-01-21 13:00:00+00:00,17.0,False,0.352941,0.647059,0.352941,0.647059,14.0,19.0,81.0,86.0,yes,19.0,yes_ask,candle_proxy,decision_candle_ohlc_bounds,False,5.0,0.142941,,0.142941,0.162941,1,0.02,-0.19,-0.21,34,baseline_climatology_v1,3,32° or below,less,,33.0,or_below,0-25,False
nyc,KXHIGHNY-26JAN21-T40,2026-01-21,2026-01-21 13:00:00+00:00,3.0,False,0.382353,0.617647,0.382353,0.617647,2.0,3.0,97.0,98.0,yes,3.0,yes_ask,candle_proxy,decision_candle_ohlc_bounds,False,1.0,0.342353,,0.342353,0.352353,1,0.01,-0.03,-0.04,34,baseline_climatology_v1,3,41° or above,greater,40.0,,or_above,0-25,False
chicago,KXHIGHCHI-26JAN22-T29,2026-01-22,2026-01-22 14:00:00+00:00,5.0,False,0.794118,0.205882,0.794118,0.205882,2.0,5.0,95.0,98.0,yes,5.0,yes_ask,candle_proxy,decision_candle_ohlc_bounds,False,3.0,0.734118,,0.734118,0.744118,1,0.01,-0.05,-0.06,34,baseline_climatology_v1,3,30° or above,greater,29.0,,or_above,0-25,False
nyc,KXHIGHNY-26JAN22-T40,2026-01-22,2026-01-22 13:00:00+00:00,1.0,False,0.647059,0.352941,0.647059,0.352941,0.0,1.0,99.0,100.0,yes,1.0,yes_ask,candle_proxy,decision_candle_ohlc_bounds,False,1.0,0.627059,,0.627059,0.637059,1,0.01,-0.01,-0.02,34,baseline_climatology_v1,3,39° or below,less,,40.0,or_below,0-25,False
chicago,KXHIGHCHI-26JAN23-T12,2026-01-23,2026-01-23 14:00:00+00:00,1.0,False,1.0,0.0,1.0,0.0,0.0,1.0,99.0,100.0,yes,1.0,yes_ask,candle_proxy,decision_candle_ohlc_bounds,False,1.0,0.98,,0.98,0.99,1,0.01,-0.01,-0.02,34,baseline_climatology_v1,3,13° or above,greater,12.0,,or_above,0-25,False
nyc,KXHIGHNY-26JAN23-T32,2026-01-23,2026-01-23 13:00:00+00:00,1.0,False,0.205882,0.794118,0.205882,0.794118,0.0,1.0,99.0,100.0,yes,1.0,yes_ask,candle_proxy,decision_candle_ohlc_bounds,False,1.0,0.185882,,0.185882,0.195882,1,0.01,-0.01,-0.02,34,baseline_climatology_v1,3,31° or below,less,,32.0,or_below,0-25,False
nyc,KXHIGHNY-26JAN23-T39,2026-01-23,2026-01-23 13:00:00+00:00,7.0,False,0.558824,0.441176,0.558824,0.441176,7.0,12.0,88.0,93.0,yes,12.0,yes_ask,candle_proxy,decision_candle_ohlc_bounds,False,5.0,0.428824,,0.428824,0.438824,1,0.01,-0.12,-0.13,34,baseline_climatology_v1,3,40° or above,greater,39.0,,or_above,0-25,False
chicago,KXHIGHCHI-26JAN24-T16,2026-01-24,2026-01-24 14:00:00+00:00,2.0,False,0.911765,0.088235,0.911765,0.088235,0.0,1.0,99.0,100.0,yes,1.0,yes_ask,candle_proxy,decision_candle_ohlc_bounds,False,1.0,0.891765,,0.891765,0.901765,1,0.01,-0.01,-0.02,34,baseline_climatology_v1,3,17° or above,greater,16.0,,or_above,0-25,False
nyc,KXHIGHNY-26JAN24-T23,2026-01-24,2026-01-24 13:00:00+00:00,2.0,False,1.0,0.0,1.0,0.0,1.0,5.0,95.0,99.0,yes,5.0,yes_ask,candle_proxy,decision_candle_ohlc_bounds,False,4.0,0.94,,0.94,0.95,1,0.01,-0.05,-0.06,34,baseline_climatology_v1,3,24° or above,greater,23.0,,or_above,0-25,False
chicago,KXHIGHCHI-26JAN25-T16,2026-01-25,2026-01-25 14:00:00+00:00,2.0,False,0.147059,0.852941,0.147059,0.852941,3.0,6.0,94.0,97.0,yes,6.0,yes_ask,candle_proxy,decision_candle_ohlc_bounds,False,3.0,0.077059,,0.077059,0.087059,1,0.01,-0.06,-0.07,34,baseline_climatology_v1,3,15° or below,less,,16.0,or_below,0-25,False
chicago,KXHIGHCHI-26JAN25-T23,2026-01-25,2026-01-25 14:00:00+00:00,1.5,False,0.852941,0.147059,0.852941,0.147059,1.0,2.0,98.0,99.0,yes,2.0,yes_ask,candle_proxy,decision_candle_ohlc_bounds,False,1.0,0.822941,,0.822941,0.832941,1,0.01,-0.02,-0.03,34,baseline_climatology_v1,3,24° or above,greater,23.0,,or_above,0-25,False
nyc,KXHIGHNY-26JAN25-T30,2026-01-25,2026-01-25 13:00:00+00:00,16.0,False,0.941176,0.058824,0.941176,0.058824,17.0,21.0,79.0,83.0,yes,21.0,yes_ask,candle_proxy,decision_candle_ohlc_bounds,False,4.0,0.711176,,0.711176,0.731176,1,0.02,-0.21,-0.23,34,baseline_climatology_v1,3,31° or above,greater,30.0,,or_above,0-25,False
chicago,KXHIGHCHI-26JAN26-T14,2026-01-26,2026-01-26 14:00:00+00:00,4.0,False,0.911765,0.088235,0.911765,0.088235,3.0,5.0,95.0,97.0,yes,5.0,yes_ask,candle_proxy,decision_candle_ohlc_bounds,False,2.0,0.851765,,0.851765,0.861765,1,0.01,-0.05,-0.06,34,baseline_climatology_v1,3,15° or above,greater,14.0,,or_above,0-25,False
nyc,KXHIGHNY-26JAN26-T34,2026-01-26,2026-01-26 13:00:00+00:00,0.5,False,0.764706,0.235294,0.764706,0.235294,0.0,1.0,99.0,100.0,yes,1.0,yes_ask,candle_proxy,decision_candle_ohlc_bounds,False,1.0,0.744706,,0.744706,0.754706,1,0.01,-0.01,-0.02,34,baseline_climatology_v1,3,35° or above,greater,34.0,,or_above,0-25,False
chicago,KXHIGHCHI-26JAN27-T20,2026-01-27,2026-01-27 14:00:00+00:00,2.0,False,0.882353,0.117647,0.882353,0.117647,1.0,2.0,98.0,99.0,yes,2.0,yes_ask,candle_proxy,decision_candle_ohlc_bounds,False,1.0,0.852353,,0.852353,0.862353,1,0.01,-0.02,-0.03,34,baseline_climatology_v1,3,21° or above,greater,20.0,,or_above,0-25,False
nyc,KXHIGHNY-26JAN27-T23,2026-01-27,2026-01-27 13:00:00+00:00,7.0,False,1.0,0.0,1.0,0.0,7.0,9.0,91.0,93.0,yes,9.0,yes_ask,candle_proxy,decision_candle_ohlc_bounds,False,2.0,0.9,,0.9,0.91,1,0.01,-0.09,-0.1,34,baseline_climatology_v1,3,24° or above,greater,23.0,,or_above,0-25,False
chicago,KXHIGHCHI-26JAN28-T20,2026-01-28,2026-01-28 14:00:00+00:00,0.5,False,0.911765,0.088235,0.911765,0.088235,0.0,1.0,99.0,100.0,yes,1.0,yes_ask,candle_proxy,decision_candle_ohlc_bounds,False,1.0,0.891765,,0.891765,0.901765,1,0.01,-0.01,-0.02,34,baseline_climatology_v1,3,21° or above,greater,20.0,,or_above,0-25,False
nyc,KXHIGHNY-26JAN28-T26,2026-01-28,2026-01-28 13:00:00+00:00,7.0,False,0.941176,0.058824,0.941176,0.058824,7.0,8.0,92.0,93.0,yes,8.0,yes_ask,candle_proxy,decision_candle_ohlc_bounds,False,1.0,0.851176,,0.851176,0.861176,1,0.01,-0.08,-0.09,34,baseline_climatology_v1,3,27° or above,greater,26.0,,or_above,0-25,False
chicago,KXHIGHCHI-26JAN29-T19,2026-01-29,2026-01-29 14:00:00+00:00,10.0,False,0.911765,0.088235,0.911765,0.088235,10.0,11.0,89.0,90.0,yes,11.0,yes_ask,candle_proxy,decision_candle_ohlc_bounds,False,1.0,0.791765,,0.791765,0.801765,1,0.01,-0.11,-0.12,34,baseline_climatology_v1,3,20° or above,greater,19.0,,or_above,0-25,False
nyc,KXHIGHNY-26JAN29-T26,2026-01-29,2026-01-29 13:00:00+00:00,1.0,False,0.941176,0.058824,0.941176,0.058824,1.0,4.0,96.0,99.0,yes,4.0,yes_ask,candle_proxy,decision_candle_ohlc_bounds,False,3.0,0.891176,,0.891176,0.901176,1,0.01,-0.04,-0.05,34,baseline_climatology_v1,3,27° or above,greater,26.0,,or_above,0-25,False
